Image,PM_value
2019-07-03 16_50_26.jpeg,29.15
2019-07-03 16_09_45.jpeg,28.14
2019-07-03 16_14_59.jpeg,28.14
2019-07-03 16_43_24.jpeg,29.15
2019-07-03 16_45_07.jpeg,29.15
2019-07-03 16_20_22.jpeg,29.15
2019-07-03 16_25_16.jpeg,29.15
2019-07-03 16_30_07.jpeg,29.15
2019-07-03 16_54_58.jpeg,29.15
2019-07-03 16_37_18.jpeg,29.15
2019-07-03 17_05_08.jpeg,33.56
2019-07-03 17_37_26.jpeg,34.16
2019-07-03 17_25_15.jpeg,34.16
2019-07-03 17_50_23.jpeg,34.16
2019-07-03 17_30_07.jpeg,34.16
2019-07-03 17_44_45.jpeg,34.16
2019-07-03 17_39_45.jpeg,34.16
2019-07-03 17_10_40.jpeg,33.56
2019-07-03 17_15_08.jpeg,34.16
2019-07-03 17_19_45.jpeg,34.16
2019-07-03 17_55_23.jpeg,34.16
2019-07-03 17_00_01.jpeg,33.56
2019-07-03 18_09_45.jpeg,32.97
2019-07-03 18_19_45.jpeg,32.81
2019-07-03 18_55_23.jpeg,32.81
2019-07-03 18_37_20.jpeg,32.81
2019-07-03 18_59_45.jpeg,32.81
2019-07-03 18_01_07.jpeg,32.97
2019-07-03 18_51_07.jpeg,32.81
2019-07-03 18_45_25.jpeg,32.81
2019-07-03 18_43_24.jpeg,32.81
2019-07-03 18_29_45.jpeg,32.81
2019-07-03 18_27_48.jpeg,32.81
2019-07-03 18_05_27.jpeg,32.97
2019-07-03 18_15_07.jpeg,32.81
2019-07-04 06_10_30.jpeg,31.85
2019-07-04 06_06_29.jpeg,31.85
2019-07-04 06_55_29.jpeg,31.68
2019-07-04 06_59_45.jpeg,31.68
2019-07-04 06_30_08.jpeg,31.68
2019-07-04 06_50_08.jpeg,31.68
2019-07-04 06_25_27.jpeg,31.68
2019-07-04 06_45_28.jpeg,31.68
2019-07-04 06_35_30.jpeg,31.68
2019-07-04 06_39_45.jpeg,31.68
2019-07-04 06_15_01.jpeg,31.68
2019-07-04 06_00_28.jpeg,31.85
2019-07-04 06_19_45.jpeg,31.68
2019-07-04 07_05_27.jpeg,41.92
2019-07-04 07_44_45.jpeg,43.27
2019-07-04 07_15_06.jpeg,43.27
2019-07-04 07_24_46.jpeg,43.27
2019-07-04 07_38_07.jpeg,43.27
2019-07-04 07_22_27.jpeg,43.27
2019-07-04 07_39_45.jpeg,43.27
2019-07-04 07_59_45.jpeg,43.27
2019-07-04 07_50_23.jpeg,43.27
2019-07-04 07_56_31.jpeg,43.27
2019-07-04 07_09_46.jpeg,41.92
2019-07-04 07_29_46.jpeg,43.27
2019-07-04 08_44_46.jpeg,42.31
2019-07-04 08_29_58.jpeg,42.31
2019-07-04 08_50_23.jpeg,42.31
2019-07-04 08_22_51.jpeg,42.31
2019-07-04 08_55_23.jpeg,42.31
2019-07-04 08_05_27.jpeg,42.42
2019-07-04 08_40_09.jpeg,42.31
2019-07-04 08_14_46.jpeg,42.42
2019-07-04 08_11_07.jpeg,42.42
2019-07-04 08_59_46.jpeg,42.31
2019-07-04 08_38_08.jpeg,42.31
2019-07-04 08_24_46.jpeg,42.31
2019-07-04 09_46_48.jpeg,41.63
2019-07-04 09_15_07.jpeg,41.63
2019-07-04 09_38_08.jpeg,41.63
2019-07-04 09_55_23.jpeg,41.63
2019-07-04 09_29_46.jpeg,41.63
2019-07-04 09_23_15.jpeg,41.63
2019-07-04 09_59_45.jpeg,41.63
2019-07-04 09_50_23.jpeg,41.63
2019-07-04 09_25_16.jpeg,41.63
2019-07-04 09_09_45.jpeg,41.71
2019-07-04 09_40_09.jpeg,41.63
2019-07-04 09_06_05.jpeg,41.71
2019-07-04 10_51_07.jpeg,28.6
2019-07-04 10_59_45.jpeg,28.6
2019-07-04 10_05_27.jpeg,30.12
2019-07-04 10_55_23.jpeg,28.6
2019-07-04 10_40_07.jpeg,28.6
2019-07-04 10_30_07.jpeg,28.6
2019-07-04 10_11_07.jpeg,30.12
2019-07-04 10_14_45.jpeg,30.12
2019-07-04 10_20_07.jpeg,28.6
2019-07-04 10_45_32.jpeg,28.6
2019-07-04 10_38_30.jpeg,28.6
2019-07-04 10_24_45.jpeg,28.6
2019-07-04 11_05_27.jpeg,30.8
2019-07-04 11_24_45.jpeg,31.09
2019-07-04 11_55_24.jpeg,31.09
2019-07-04 11_59_45.jpeg,31.09
2019-07-04 11_40_31.jpeg,31.09
2019-07-04 11_09_46.jpeg,30.8
2019-07-04 11_50_30.jpeg,31.09
2019-07-04 11_20_07.jpeg,31.09
2019-07-04 11_30_07.jpeg,31.09
2019-07-04 11_38_30.jpeg,31.09
2019-07-04 11_15_07.jpeg,31.09
2019-07-04 11_44_46.jpeg,31.09
2019-07-04 12_50_23.jpeg,35.77
2019-07-04 12_06_07.jpeg,35.23
2019-07-04 12_19_46.jpeg,35.77
2019-07-04 12_45_07.jpeg,35.77
2019-07-04 12_25_07.jpeg,35.77
2019-07-04 12_09_46.jpeg,35.23
2019-07-04 12_15_07.jpeg,35.77
2019-07-04 12_29_46.jpeg,35.77
2019-07-04 12_40_31.jpeg,35.77
2019-07-04 12_38_30.jpeg,35.77
2019-07-04 12_56_07.jpeg,35.77
2019-07-04 13_25_07.jpeg,40.39
2019-07-04 13_40_31.jpeg,40.39
2019-07-04 13_38_30.jpeg,40.39
2019-07-04 13_46_07.jpeg,40.39
2019-07-04 13_49_45.jpeg,40.39
2019-07-04 13_16_34.jpeg,40.39
2019-07-04 13_09_45.jpeg,39.85
2019-07-04 13_06_07.jpeg,39.85
2019-07-04 13_00_08.jpeg,39.85
2019-07-04 13_59_45.jpeg,40.39
2019-07-04 13_29_46.jpeg,40.39
2019-07-04 13_19_45.jpeg,40.39
2019-07-04 13_56_07.jpeg,40.39
2019-07-04 14_30_07.jpeg,24.27
2019-07-04 14_40_31.jpeg,24.27
2019-07-04 14_59_45.jpeg,24.27
2019-07-04 14_51_07.jpeg,24.27
2019-07-04 14_38_30.jpeg,24.27
2019-07-04 14_24_46.jpeg,24.27
2019-07-04 14_10_13.jpeg,26.14
2019-07-04 14_20_07.jpeg,24.27
2019-07-04 14_08_12.jpeg,26.14
2019-07-04 14_14_45.jpeg,26.14
2019-07-04 14_57_07.jpeg,24.27
2019-07-04 14_44_46.jpeg,24.27
2019-07-04 15_05_27.jpeg,24.18
2019-07-04 15_46_39.jpeg,24.17
2019-07-04 15_30_07.jpeg,24.17
2019-07-04 15_40_32.jpeg,24.17
2019-07-04 15_09_45.jpeg,24.18
2019-07-04 15_19_45.jpeg,24.17
2019-07-04 15_50_23.jpeg,24.17
2019-07-04 15_15_07.jpeg,24.17
2019-07-04 15_28_05.jpeg,24.17
2019-07-04 15_56_07.jpeg,24.17
2019-07-04 15_59_45.jpeg,24.17
2019-07-04 15_38_30.jpeg,24.17
2019-07-04 16_59_45.jpeg,27.12
2019-07-04 16_37_18.jpeg,27.12
2019-07-04 16_09_46.jpeg,26.78
2019-07-04 16_39_46.jpeg,27.12
2019-07-04 16_47_00.jpeg,27.12
2019-07-04 16_05_28.jpeg,26.78
2019-07-04 16_24_46.jpeg,27.12
2019-07-04 16_30_07.jpeg,27.12
2019-07-04 16_19_46.jpeg,27.12
2019-07-04 16_56_28.jpeg,27.12
2019-07-04 16_49_46.jpeg,27.12
2019-07-04 16_15_07.jpeg,27.12
2019-07-04 17_50_32.jpeg,28.99
2019-07-04 17_30_17.jpeg,28.99
2019-07-04 17_09_46.jpeg,28.77
2019-07-04 17_59_45.jpeg,28.99
2019-07-04 17_25_07.jpeg,28.99
2019-07-04 17_38_31.jpeg,28.99
2019-07-04 17_15_07.jpeg,28.99
2019-07-04 17_19_46.jpeg,28.99
2019-07-04 17_56_07.jpeg,28.99
2019-07-04 17_07_12.jpeg,28.77
2019-07-04 17_44_45.jpeg,28.99
2019-07-04 17_40_31.jpeg,28.99
2019-07-04 18_10_20.jpeg,34.04
2019-07-04 18_20_07.jpeg,34.7
2019-07-04 18_40_33.jpeg,34.7
2019-07-04 18_38_30.jpeg,34.7
2019-07-04 18_50_23.jpeg,34.7
2019-07-04 18_56_07.jpeg,34.7
2019-07-04 18_24_59.jpeg,34.7
2019-07-04 18_14_46.jpeg,34.04
2019-07-04 18_47_40.jpeg,34.7
2019-07-04 18_29_45.jpeg,34.7
2019-07-04 18_08_20.jpeg,34.04
2019-07-05 06_20_07.jpeg,63.28
2019-07-05 06_14_45.jpeg,62.52
2019-07-05 06_59_45.jpeg,63.28
2019-07-05 06_30_07.jpeg,63.28
2019-07-05 06_35_30.jpeg,63.28
2019-07-05 06_05_28.jpeg,62.52
2019-07-05 06_40_28.jpeg,63.28
2019-07-05 06_50_07.jpeg,63.28
2019-07-05 06_25_29.jpeg,63.28
2019-07-05 06_45_29.jpeg,63.28
2019-07-05 06_57_07.jpeg,63.28
2019-07-05 06_10_29.jpeg,62.52
2019-07-05 07_47_24.jpeg,67.24
2019-07-05 07_20_07.jpeg,67.24
2019-07-05 07_56_07.jpeg,67.24
2019-07-05 07_14_45.jpeg,66.78
2019-07-05 07_05_27.jpeg,66.78
2019-07-05 07_24_46.jpeg,67.24
2019-07-05 07_09_46.jpeg,66.78
2019-07-05 07_59_45.jpeg,67.24
2019-07-05 07_50_23.jpeg,67.24
2019-07-05 07_35_27.jpeg,67.24
2019-07-05 07_31_02.jpeg,67.24
2019-07-05 07_41_29.jpeg,67.24
2019-07-05 08_51_08.jpeg,81.1
2019-07-05 08_35_27.jpeg,81.1
2019-07-05 08_55_23.jpeg,81.1
2019-07-05 08_15_07.jpeg,81.1
2019-07-05 08_05_27.jpeg,79.49
2019-07-05 08_21_07.jpeg,81.1
2019-07-05 08_45_25.jpeg,81.1
2019-07-05 08_43_24.jpeg,81.1
2019-07-05 08_29_45.jpeg,81.1
2019-07-05 08_59_51.jpeg,81.1
2019-07-05 08_09_45.jpeg,79.49
2019-07-05 08_24_45.jpeg,81.1
2019-07-05 09_40_05.jpeg,81.2
2019-07-05 09_11_31.jpeg,81.19
2019-07-05 09_46_08.jpeg,81.2
2019-07-05 09_25_07.jpeg,81.2
2019-07-05 09_54_45.jpeg,81.2
2019-07-05 09_19_45.jpeg,81.2
2019-07-05 09_05_27.jpeg,81.19
2019-07-05 09_52_07.jpeg,81.2
2019-07-05 09_35_38.jpeg,81.2
2019-07-05 09_29_45.jpeg,81.2
2019-07-05 09_15_07.jpeg,81.2
2019-07-05 10_21_54.jpeg,85.7
2019-07-05 10_05_27.jpeg,85.16
2019-07-05 10_52_07.jpeg,85.7
2019-07-05 10_54_50.jpeg,85.7
2019-07-05 10_36_07.jpeg,85.7
2019-07-05 10_45_25.jpeg,85.7
2019-07-05 10_43_24.jpeg,85.7
2019-07-05 10_30_07.jpeg,85.7
2019-07-05 10_24_46.jpeg,85.7
2019-07-05 10_14_45.jpeg,85.16
2019-07-05 10_01_07.jpeg,85.16
2019-07-05 10_11_32.jpeg,85.16
2019-07-05 10_59_45.jpeg,85.7
2019-07-05 11_31_43.jpeg,53.67
2019-07-05 11_48_07.jpeg,53.67
2019-07-05 11_05_27.jpeg,57.39
2019-07-05 11_54_46.jpeg,53.67
2019-07-05 11_35_27.jpeg,53.67
2019-07-05 11_14_46.jpeg,57.39
2019-07-05 11_49_48.jpeg,53.67
2019-07-05 11_21_13.jpeg,53.67
2019-07-05 11_42_38.jpeg,53.67
2019-07-05 11_24_45.jpeg,53.67
2019-07-05 11_09_46.jpeg,57.39
2019-07-05 12_53_23.jpeg,35.67
2019-07-05 12_34_45.jpeg,35.67
2019-07-05 12_45_25.jpeg,35.67
2019-07-05 12_32_05.jpeg,35.67
2019-07-05 12_55_24.jpeg,35.67
2019-07-05 12_25_07.jpeg,35.67
2019-07-05 12_43_24.jpeg,35.67
2019-07-05 12_19_46.jpeg,35.67
2019-07-05 12_14_46.jpeg,37.74
2019-07-05 12_59_45.jpeg,35.67
2019-07-05 12_10_07.jpeg,37.74
2019-07-05 12_06_07.jpeg,37.74
2019-07-05 12_00_08.jpeg,37.74
2019-07-05 13_05_27.jpeg,33.77
2019-07-05 13_32_27.jpeg,33.52
2019-07-05 13_15_09.jpeg,33.52
2019-07-05 13_53_23.jpeg,33.52
2019-07-05 13_13_08.jpeg,33.77
2019-07-05 13_55_24.jpeg,33.52
2019-07-05 13_22_01.jpeg,33.52
2019-07-05 13_44_45.jpeg,33.52
2019-07-05 13_41_07.jpeg,33.52
2019-07-05 13_24_46.jpeg,33.52
2019-07-05 13_35_27.jpeg,33.52
2019-07-05 14_15_07.jpeg,48.59
2019-07-05 14_05_27.jpeg,46.84
2019-07-05 14_23_18.jpeg,48.59
2019-07-05 14_25_19.jpeg,48.59
2019-07-05 14_09_45.jpeg,46.84
2019-07-05 14_45_25.jpeg,48.59
2019-07-05 14_53_23.jpeg,48.59
2019-07-05 14_02_30.jpeg,46.84
2019-07-05 14_43_24.jpeg,48.59
2019-07-05 14_55_24.jpeg,48.59
2019-07-05 14_35_27.jpeg,48.59
2019-07-05 14_29_45.jpeg,48.59
2019-07-05 15_29_45.jpeg,42.29
2019-07-05 15_56_07.jpeg,42.29
2019-07-05 15_42_20.jpeg,42.29
2019-07-05 15_44_46.jpeg,42.29
2019-07-05 15_14_46.jpeg,43.01
2019-07-05 15_23_14.jpeg,42.29
2019-07-05 15_11_07.jpeg,43.01
2019-07-05 15_35_27.jpeg,42.29
2019-07-05 15_01_54.jpeg,43.01
2019-07-05 15_25_14.jpeg,42.29
2019-07-05 15_05_27.jpeg,43.01
2019-07-05 15_50_23.jpeg,42.29
2019-07-05 16_25_07.jpeg,54.78
2019-07-05 16_48_07.jpeg,54.78
2019-07-05 16_14_46.jpeg,53.16
2019-07-05 16_57_42.jpeg,54.78
2019-07-05 16_05_27.jpeg,53.16
2019-07-05 16_01_08.jpeg,53.16
2019-07-05 16_29_46.jpeg,54.78
2019-07-05 16_42_37.jpeg,54.78
2019-07-05 16_19_49.jpeg,54.78
2019-07-05 16_59_46.jpeg,54.78
2019-07-05 16_36_21.jpeg,54.78
2019-07-05 16_12_35.jpeg,53.16
2019-07-05 16_50_23.jpeg,54.78
2019-07-05 17_45_07.jpeg,34.95
2019-07-05 17_09_46.jpeg,37.26
2019-07-05 17_33_20.jpeg,34.95
2019-07-05 17_21_17.jpeg,34.95
2019-07-05 17_05_27.jpeg,37.26
2019-07-05 17_42_58.jpeg,34.95
2019-07-05 17_57_42.jpeg,34.95
2019-07-05 17_15_07.jpeg,34.95
2019-07-05 17_24_46.jpeg,34.95
2019-07-05 17_35_27.jpeg,34.95
2019-07-05 17_51_07.jpeg,34.95
2019-07-05 18_11_21.jpeg,34.71
2019-07-05 18_05_27.jpeg,34.71
2019-07-05 18_24_45.jpeg,34.68
2019-07-05 18_02_29.jpeg,34.71
2019-07-05 18_50_23.jpeg,34.68
2019-07-05 18_40_24.jpeg,34.68
2019-07-05 18_44_46.jpeg,34.68
2019-07-05 18_55_29.jpeg,34.68
2019-07-05 18_35_27.jpeg,34.68
2019-07-05 18_20_33.jpeg,34.68
2019-07-05 18_29_45.jpeg,34.68
2019-07-05 18_15_02.jpeg,34.68
2019-07-06 06_45_25.jpeg,66.88
2019-07-06 06_29_46.jpeg,66.88
2019-07-06 06_35_27.jpeg,66.88
2019-07-06 06_03_08.jpeg,65.12
2019-07-06 06_05_27.jpeg,65.12
2019-07-06 06_21_22.jpeg,66.88
2019-07-06 06_27_07.jpeg,66.88
2019-07-06 06_15_07.jpeg,66.88
2019-07-06 06_09_46.jpeg,65.12
2019-07-06 06_52_59.jpeg,66.88
2019-07-06 06_55_23.jpeg,66.88
2019-07-06 06_43_24.jpeg,66.88
2019-07-06 07_29_45.jpeg,44.02
2019-07-06 07_20_41.jpeg,44.02
2019-07-06 07_43_20.jpeg,44.02
2019-07-06 07_11_07.jpeg,46.68
2019-07-06 07_14_45.jpeg,46.68
2019-07-06 07_05_27.jpeg,46.68
2019-07-06 07_03_08.jpeg,46.68
2019-07-06 07_27_42.jpeg,44.02
2019-07-06 07_35_27.jpeg,44.02
2019-07-06 09_19_46.jpeg,44.67
2019-07-06 10_55_23.jpeg,52.33
2019-06-11 18_34_36.jpeg,72.0
2019-06-11 18_57_32.jpeg,70.0
2019-06-11 18_20_06.jpeg,70.0
2019-06-11 18_28_35.jpeg,70.0
2019-06-11 18_17_24.jpeg,70.0
2019-06-11 18_39_46.jpeg,72.0
2019-06-11 18_29_32.jpeg,70.0
2019-06-11 18_49_32.jpeg,70.0
2019-06-11 18_45_29.jpeg,70.0
2019-06-12 06_01_32.jpeg,42.0
2019-06-12 06_31_27.jpeg,64.0
2019-06-12 06_41_38.jpeg,64.0
2019-06-12 06_56_47.jpeg,73.0
2019-06-12 06_36_27.jpeg,64.0
2019-06-12 06_26_27.jpeg,53.0
2019-06-12 06_23_17.jpeg,53.0
2019-06-12 06_08_07.jpeg,42.0
2019-06-12 06_11_30.jpeg,42.0
2019-06-12 06_52_07.jpeg,73.0
2019-06-12 06_46_48.jpeg,73.0
2019-06-12 06_18_41.jpeg,53.0
2019-06-12 07_18_25.jpeg,73.0
2019-06-12 07_48_07.jpeg,59.0
2019-06-12 07_34_47.jpeg,67.0
2019-06-12 07_58_27.jpeg,59.0
2019-06-12 07_26_27.jpeg,73.0
2019-06-12 07_01_27.jpeg,75.0
2019-06-12 07_12_14.jpeg,75.0
2019-06-12 07_36_27.jpeg,67.0
2019-06-12 07_24_26.jpeg,73.0
2019-06-12 07_52_07.jpeg,59.0
2019-06-12 07_42_07.jpeg,67.0
2019-06-12 07_07_37.jpeg,75.0
2019-06-12 08_08_48.jpeg,51.0
2019-06-12 08_17_07.jpeg,48.0
2019-06-12 08_11_27.jpeg,51.0
2019-06-12 08_23_07.jpeg,48.0
2019-06-12 08_01_40.jpeg,51.0
2019-06-12 09_27_08.jpeg,51.0
2019-06-12 09_41_55.jpeg,49.0
2019-06-12 09_37_08.jpeg,49.0
2019-06-12 09_53_07.jpeg,46.0
2019-06-12 09_58_07.jpeg,46.0
2019-06-12 09_46_55.jpeg,46.0
2019-06-12 09_26_08.jpeg,51.0
2019-06-12 09_35_28.jpeg,49.0
2019-06-12 10_32_30.jpeg,42.0
2019-06-12 10_48_55.jpeg,41.0
2019-06-12 10_15_28.jpeg,44.0
2019-06-12 10_08_17.jpeg,45.0
2019-06-12 10_38_07.jpeg,42.0
2019-06-12 10_17_29.jpeg,44.0
2019-06-12 10_27_07.jpeg,44.0
2019-06-12 10_44_07.jpeg,42.0
2019-06-12 10_02_07.jpeg,45.0
2019-06-12 10_53_07.jpeg,41.0
2019-06-12 10_59_27.jpeg,41.0
2019-06-12 10_21_55.jpeg,44.0
2019-06-12 11_12_29.jpeg,39.0
2019-06-12 11_34_07.jpeg,40.0
2019-06-12 11_18_07.jpeg,39.0
2019-06-12 11_37_07.jpeg,40.0
2019-06-12 11_44_40.jpeg,40.0
2019-06-12 11_23_08.jpeg,39.0
2019-06-12 11_02_07.jpeg,39.0
2019-06-12 11_10_28.jpeg,39.0
2019-06-12 11_28_27.jpeg,39.0
2019-06-12 11_52_08.jpeg,43.0
2019-06-12 11_50_07.jpeg,43.0
2019-06-12 12_12_07.jpeg,47.0
2019-06-12 12_18_07.jpeg,49.0
2019-06-12 12_35_07.jpeg,52.0
2019-06-12 12_44_50.jpeg,52.0
2019-06-12 12_02_30.jpeg,47.0
2019-06-12 12_51_55.jpeg,54.0
2019-06-12 12_57_06.jpeg,54.0
2019-06-12 12_00_29.jpeg,47.0
2019-06-12 12_47_14.jpeg,54.0
2019-06-12 12_37_14.jpeg,52.0
2019-06-12 12_06_55.jpeg,47.0
2019-06-12 12_29_06.jpeg,49.0
2019-06-12 13_07_14.jpeg,55.0
2019-06-12 13_13_49.jpeg,55.0
2019-06-12 13_03_07.jpeg,55.0
2019-06-12 13_17_07.jpeg,57.0
2019-06-12 15_51_18.jpeg,62.0
2019-06-12 15_26_08.jpeg,59.0
2019-06-12 15_25_18.jpeg,59.0
2019-06-12 15_46_08.jpeg,62.0
2019-06-12 15_57_07.jpeg,62.0
2019-06-12 15_41_07.jpeg,61.0
2019-06-12 15_36_08.jpeg,61.0
2019-06-12 15_32_06.jpeg,61.0
2019-06-12 16_56_17.jpeg,60.0
2019-06-12 16_16_07.jpeg,61.0
2019-06-12 16_03_07.jpeg,61.0
2019-06-12 16_41_20.jpeg,60.0
2019-06-12 16_26_30.jpeg,61.0
2019-06-12 16_20_47.jpeg,61.0
2019-06-12 16_37_07.jpeg,60.0
2019-06-12 16_10_47.jpeg,61.0
2019-06-12 16_31_41.jpeg,60.0
2019-06-12 16_54_17.jpeg,60.0
2019-06-12 16_05_47.jpeg,61.0
2019-06-12 16_46_29.jpeg,60.0
2019-06-12 17_16_39.jpeg,61.0
2019-06-12 17_06_07.jpeg,60.0
2019-06-12 17_31_08.jpeg,62.0
2019-06-12 17_45_47.jpeg,61.0
2019-06-12 17_11_29.jpeg,60.0
2019-06-12 17_35_47.jpeg,62.0
2019-06-12 17_26_30.jpeg,61.0
2019-06-12 17_22_07.jpeg,61.0
2019-06-12 17_55_58.jpeg,61.0
2019-06-12 17_42_32.jpeg,62.0
2019-06-12 17_00_47.jpeg,60.0
2019-06-12 17_50_47.jpeg,61.0
2019-06-12 18_31_07.jpeg,61.0
2019-06-12 18_06_25.jpeg,61.0
2019-06-12 18_26_30.jpeg,60.0
2019-06-12 18_46_08.jpeg,62.0
2019-06-12 18_11_40.jpeg,61.0
2019-06-12 18_36_25.jpeg,61.0
2019-06-12 18_01_08.jpeg,61.0
2019-06-12 18_23_44.jpeg,60.0
2019-06-12 18_16_07.jpeg,60.0
2019-06-12 18_54_19.jpeg,62.0
2019-06-12 18_55_47.jpeg,62.0
2019-06-12 18_41_07.jpeg,61.0
2019-06-13 06_47_15.jpeg,75.0
2019-06-13 06_10_48.jpeg,74.0
2019-06-13 06_41_11.jpeg,75.0
2019-06-13 06_58_18.jpeg,75.0
2019-06-13 06_31_50.jpeg,75.0
2019-06-13 06_22_08.jpeg,76.0
2019-06-13 06_16_10.jpeg,76.0
2019-06-13 06_37_02.jpeg,75.0
2019-06-13 06_26_34.jpeg,76.0
2019-06-13 06_01_07.jpeg,74.0
2019-06-13 06_06_17.jpeg,74.0
2019-06-13 06_53_07.jpeg,75.0
2019-06-13 07_35_47.jpeg,65.0
2019-06-13 07_02_33.jpeg,66.0
2019-06-13 07_40_58.jpeg,65.0
2019-06-13 07_57_07.jpeg,67.0
2019-06-13 07_47_16.jpeg,67.0
2019-06-13 07_51_45.jpeg,67.0
2019-06-13 07_12_17.jpeg,66.0
2019-06-13 07_21_29.jpeg,64.0
2019-06-13 07_31_19.jpeg,65.0
2019-06-13 07_08_07.jpeg,66.0
2019-06-13 07_26_36.jpeg,64.0
2019-06-13 07_17_19.jpeg,64.0
2019-06-13 08_35_47.jpeg,67.0
2019-06-13 08_26_29.jpeg,67.0
2019-06-13 08_51_25.jpeg,65.0
2019-06-13 08_16_08.jpeg,67.0
2019-06-13 08_20_48.jpeg,67.0
2019-06-13 08_06_22.jpeg,68.0
2019-06-13 08_40_57.jpeg,67.0
2019-06-13 08_11_31.jpeg,68.0
2019-06-13 08_30_47.jpeg,67.0
2019-06-13 08_00_47.jpeg,68.0
2019-06-13 08_47_16.jpeg,65.0
2019-06-13 08_55_57.jpeg,65.0
2019-06-13 09_01_31.jpeg,63.0
2019-06-13 09_31_11.jpeg,56.0
2019-06-13 09_40_47.jpeg,56.0
2019-06-13 09_06_45.jpeg,63.0
2019-06-13 09_57_35.jpeg,51.0
2019-06-13 09_46_10.jpeg,51.0
2019-06-13 09_26_41.jpeg,61.0
2019-06-13 09_10_47.jpeg,63.0
2019-06-13 09_36_21.jpeg,56.0
2019-06-13 09_16_31.jpeg,61.0
2019-06-13 09_51_45.jpeg,51.0
2019-06-13 09_20_51.jpeg,61.0
2019-06-13 10_20_48.jpeg,42.0
2019-06-13 10_01_41.jpeg,46.0
2019-06-13 10_33_06.jpeg,42.0
2019-06-13 10_11_07.jpeg,46.0
2019-06-13 10_40_48.jpeg,42.0
2019-06-13 10_47_07.jpeg,42.0
2019-06-13 10_26_42.jpeg,42.0
2019-06-13 10_05_50.jpeg,46.0
2019-06-13 10_35_47.jpeg,42.0
2019-06-13 10_16_08.jpeg,42.0
2019-06-14 06_13_06.jpeg,45.0
2019-06-14 06_06_17.jpeg,45.0
2019-06-14 06_09_07.jpeg,45.0
2019-06-14 06_28_06.jpeg,47.0
2019-06-14 06_53_07.jpeg,48.0
2019-06-14 06_18_17.jpeg,47.0
2019-06-14 06_51_07.jpeg,48.0
2019-06-14 06_34_38.jpeg,48.0
2019-06-14 06_24_07.jpeg,47.0
2019-06-14 06_45_07.jpeg,48.0
2019-06-14 06_58_06.jpeg,48.0
2019-06-14 06_38_20.jpeg,48.0
2019-06-14 07_08_06.jpeg,47.0
2019-06-14 07_04_32.jpeg,47.0
2019-06-14 07_13_17.jpeg,47.0
2019-06-14 10_47_28.jpeg,50.0
2019-06-14 10_15_33.jpeg,50.0
2019-06-14 10_37_08.jpeg,50.0
2019-06-14 10_10_23.jpeg,52.0
2019-06-14 10_22_00.jpeg,50.0
2019-06-14 10_43_07.jpeg,50.0
2019-06-14 10_35_08.jpeg,50.0
2019-06-14 10_58_07.jpeg,50.0
2019-06-14 10_52_00.jpeg,50.0
2019-06-14 10_17_07.jpeg,50.0
2019-06-14 10_29_27.jpeg,50.0
2019-06-14 11_17_00.jpeg,47.0
2019-06-14 11_37_07.jpeg,45.0
2019-06-14 11_52_08.jpeg,44.0
2019-06-14 11_48_29.jpeg,44.0
2019-06-14 11_22_00.jpeg,47.0
2019-06-14 11_32_00.jpeg,45.0
2019-06-14 11_02_00.jpeg,48.0
2019-06-14 11_43_09.jpeg,45.0
2019-06-14 11_27_07.jpeg,47.0
2019-06-14 11_07_25.jpeg,48.0
2019-06-14 12_52_00.jpeg,49.0
2019-06-14 12_29_07.jpeg,47.0
2019-06-14 12_43_09.jpeg,48.0
2019-06-14 12_14_38.jpeg,46.0
2019-06-14 12_07_26.jpeg,46.0
2019-06-14 12_20_07.jpeg,47.0
2019-06-14 12_57_05.jpeg,49.0
2019-06-14 12_35_01.jpeg,48.0
2019-06-14 12_47_07.jpeg,49.0
2019-06-14 12_00_12.jpeg,46.0
2019-06-14 12_22_11.jpeg,47.0
2019-06-14 12_02_12.jpeg,46.0
2019-06-14 12_37_07.jpeg,48.0
2019-06-14 13_44_07.jpeg,47.0
2019-06-14 13_48_30.jpeg,46.0
2019-06-14 13_07_00.jpeg,50.0
2019-06-14 13_18_40.jpeg,49.0
2019-06-14 13_37_07.jpeg,47.0
2019-06-14 13_58_16.jpeg,46.0
2019-06-14 13_54_19.jpeg,46.0
2019-06-14 13_29_27.jpeg,49.0
2019-06-14 13_03_25.jpeg,50.0
2019-06-14 13_12_00.jpeg,50.0
2019-06-14 13_22_07.jpeg,49.0
2019-06-14 13_35_00.jpeg,47.0
2019-06-14 14_04_07.jpeg,44.0
2019-06-14 15_53_45.jpeg,46.0
2019-06-14 15_44_11.jpeg,47.0
2019-06-14 15_38_45.jpeg,47.0
2019-06-14 15_18_45.jpeg,49.0
2019-06-14 15_12_08.jpeg,49.0
2019-06-14 15_34_21.jpeg,47.0
2019-06-14 15_49_08.jpeg,46.0
2019-06-14 15_14_18.jpeg,49.0
2019-06-14 15_13_39.jpeg,49.0
2019-06-14 15_24_07.jpeg,49.0
2019-06-14 15_28_54.jpeg,49.0
2019-06-14 16_02_29.jpeg,46.0
2019-06-14 16_23_45.jpeg,47.0
2019-06-14 16_49_08.jpeg,47.0
2019-06-14 16_04_30.jpeg,46.0
2019-06-14 16_58_45.jpeg,47.0
2019-06-14 16_53_45.jpeg,47.0
2019-06-14 16_08_44.jpeg,46.0
2019-06-14 16_44_11.jpeg,48.0
2019-06-14 16_29_27.jpeg,47.0
2019-06-14 16_14_07.jpeg,46.0
2019-06-14 16_20_08.jpeg,47.0
2019-06-14 16_38_46.jpeg,48.0
2019-06-14 17_33_47.jpeg,45.0
2019-06-14 17_21_07.jpeg,44.0
2019-06-14 17_14_57.jpeg,46.0
2019-06-14 17_10_06.jpeg,46.0
2019-06-14 17_38_45.jpeg,45.0
2019-06-14 17_04_07.jpeg,46.0
2019-06-14 17_24_24.jpeg,44.0
2019-06-14 17_44_12.jpeg,45.0
2019-06-14 17_30_06.jpeg,45.0
2019-06-14 18_42_07.jpeg,42.0
2019-06-14 18_45_35.jpeg,42.0
2019-06-14 18_05_34.jpeg,44.0
2019-06-14 18_50_35.jpeg,42.0
2019-06-14 18_03_25.jpeg,44.0
2019-06-14 18_35_36.jpeg,42.0
2019-06-14 18_21_07.jpeg,44.0
2019-06-14 18_27_07.jpeg,44.0
2019-06-14 18_30_34.jpeg,42.0
2019-06-14 18_10_34.jpeg,44.0
2019-06-14 18_04_31.jpeg,44.0
2019-06-14 18_15_34.jpeg,44.0
2019-06-15 06_22_28.jpeg,63.0
2019-06-15 06_15_34.jpeg,63.0
2019-06-15 06_20_34.jpeg,63.0
2019-06-15 06_05_34.jpeg,62.0
2019-06-15 06_16_07.jpeg,63.0
2019-06-15 06_03_26.jpeg,62.0
2019-06-15 06_11_07.jpeg,62.0
2019-06-15 08_02_33.jpeg,106.0
2019-06-15 08_57_33.jpeg,113.0
2019-06-15 08_42_33.jpeg,113.0
2019-06-15 08_12_33.jpeg,106.0
2019-06-15 08_07_33.jpeg,106.0
2019-06-15 08_33_43.jpeg,113.0
2019-06-15 08_00_31.jpeg,106.0
2019-06-15 08_22_33.jpeg,111.0
2019-06-15 08_38_08.jpeg,113.0
2019-06-15 08_27_33.jpeg,111.0
2019-06-15 08_47_33.jpeg,113.0
2019-06-15 08_52_33.jpeg,113.0
2019-06-15 08_17_33.jpeg,111.0
2019-06-15 08_02_17.jpeg,106.0
2019-06-15 09_32_33.jpeg,96.0
2019-06-15 09_07_33.jpeg,111.0
2019-06-15 09_22_33.jpeg,105.0
2019-06-15 09_53_07.jpeg,87.0
2019-06-15 09_48_07.jpeg,87.0
2019-06-15 09_02_33.jpeg,111.0
2019-06-15 09_42_33.jpeg,96.0
2019-06-15 09_12_33.jpeg,111.0
2019-06-15 09_37_45.jpeg,96.0
2019-06-15 09_27_33.jpeg,105.0
2019-06-15 09_57_33.jpeg,87.0
2019-06-15 12_26_07.jpeg,54.0
2019-06-15 12_24_08.jpeg,54.0
2019-06-15 12_32_29.jpeg,55.0
2019-06-15 14_37_37.jpeg,54.0
2019-06-15 14_25_27.jpeg,55.0
2019-06-15 14_43_07.jpeg,54.0
2019-06-15 14_57_19.jpeg,53.0
2019-06-15 14_53_07.jpeg,53.0
2019-06-15 14_47_19.jpeg,53.0
2019-06-15 14_27_20.jpeg,55.0
2019-06-15 15_18_07.jpeg,52.0
2019-06-15 15_12_33.jpeg,52.0
2019-06-15 15_48_07.jpeg,55.0
2019-06-15 15_37_19.jpeg,53.0
2019-06-15 15_54_07.jpeg,55.0
2019-06-15 15_32_19.jpeg,53.0
2019-06-15 15_03_26.jpeg,52.0
2019-06-15 15_23_07.jpeg,52.0
2019-06-15 15_09_37.jpeg,52.0
2019-06-15 15_42_19.jpeg,53.0
2019-06-15 15_57_19.jpeg,55.0
2019-06-15 15_29_28.jpeg,52.0
2019-06-15 16_34_28.jpeg,54.0
2019-06-15 16_03_26.jpeg,55.0
2019-06-15 16_37_19.jpeg,54.0
2019-06-15 16_43_07.jpeg,54.0
2019-06-15 16_19_28.jpeg,55.0
2019-06-15 16_13_07.jpeg,55.0
2019-06-15 16_22_19.jpeg,55.0
2019-06-15 16_28_07.jpeg,55.0
2019-06-15 16_07_19.jpeg,55.0
2019-06-15 17_56_31.jpeg,48.0
2019-06-15 17_33_30.jpeg,50.0
2019-06-15 17_41_33.jpeg,50.0
2019-06-15 17_51_32.jpeg,48.0
2019-06-15 17_36_31.jpeg,50.0
2019-06-15 17_29_29.jpeg,52.0
2019-06-15 18_11_31.jpeg,48.0
2019-06-15 18_16_31.jpeg,48.0
2019-06-15 18_06_31.jpeg,48.0
2019-06-15 18_29_07.jpeg,48.0
2019-06-15 18_03_26.jpeg,48.0
2019-06-15 18_21_31.jpeg,48.0
2019-06-16 06_23_56.jpeg,21.0
2019-06-16 06_49_15.jpeg,23.0
2019-06-16 06_38_56.jpeg,21.0
2019-06-16 06_35_07.jpeg,21.0
2019-06-16 06_53_56.jpeg,23.0
2019-06-16 06_20_13.jpeg,21.0
2019-06-16 06_58_58.jpeg,23.0
2019-06-16 06_05_07.jpeg,22.0
2019-06-16 06_43_56.jpeg,21.0
2019-06-16 06_09_37.jpeg,22.0
2019-06-16 06_30_07.jpeg,21.0
2019-06-16 06_13_56.jpeg,22.0
2019-06-16 07_20_07.jpeg,28.0
2019-06-16 07_08_56.jpeg,26.0
2019-06-16 07_35_07.jpeg,30.0
2019-06-16 07_30_07.jpeg,30.0
2019-06-16 07_24_17.jpeg,28.0
2019-06-16 07_43_56.jpeg,30.0
2019-06-16 07_13_56.jpeg,26.0
2019-06-16 07_49_24.jpeg,31.0
2019-06-16 07_38_56.jpeg,30.0
2019-06-16 07_53_56.jpeg,31.0
2019-06-16 07_04_03.jpeg,26.0
2019-06-16 07_58_59.jpeg,31.0
2019-06-16 08_34_29.jpeg,33.0
2019-06-16 08_04_04.jpeg,32.0
2019-06-16 08_48_56.jpeg,34.0
2019-06-16 08_58_59.jpeg,34.0
2019-06-16 08_08_56.jpeg,32.0
2019-06-16 08_55_07.jpeg,34.0
2019-06-16 08_15_07.jpeg,33.0
2019-06-16 08_23_56.jpeg,33.0
2019-06-16 08_43_56.jpeg,33.0
2019-06-16 08_38_56.jpeg,33.0
2019-06-16 08_30_07.jpeg,33.0
2019-06-16 08_21_07.jpeg,33.0
2019-06-16 09_31_07.jpeg,38.0
2019-06-16 09_40_10.jpeg,38.0
2019-06-16 09_19_26.jpeg,35.0
2019-06-16 09_43_56.jpeg,38.0
2019-06-16 09_53_56.jpeg,36.0
2019-06-16 09_50_07.jpeg,36.0
2019-06-16 09_23_56.jpeg,35.0
2019-06-16 09_13_56.jpeg,34.0
2019-06-16 09_09_37.jpeg,34.0
2019-06-16 09_35_07.jpeg,38.0
2019-06-16 09_04_04.jpeg,34.0
2019-06-16 10_35_07.jpeg,24.0
2019-06-16 10_04_04.jpeg,32.0
2019-06-16 10_20_07.jpeg,29.0
2019-06-16 10_00_31.jpeg,32.0
2019-06-16 10_38_56.jpeg,24.0
2019-06-16 10_59_22.jpeg,21.0
2019-06-16 10_13_56.jpeg,32.0
2019-06-16 10_50_07.jpeg,21.0
2019-06-16 10_24_19.jpeg,29.0
2019-06-16 10_10_24.jpeg,32.0
2019-06-16 10_30_07.jpeg,24.0
2019-06-16 10_43_56.jpeg,24.0
2019-06-16 10_56_14.jpeg,21.0
2019-06-16 11_04_03.jpeg,21.0
2019-06-16 11_13_56.jpeg,21.0
2019-06-16 11_25_07.jpeg,22.0
2019-06-16 11_45_07.jpeg,24.0
2019-06-16 11_29_28.jpeg,22.0
2019-06-16 11_09_22.jpeg,21.0
2019-06-16 11_35_07.jpeg,23.0
2019-06-16 11_54_23.jpeg,24.0
2019-06-16 11_38_56.jpeg,23.0
2019-06-16 11_48_56.jpeg,24.0
2019-06-16 11_19_23.jpeg,22.0
2019-06-16 12_26_17.jpeg,28.0
2019-06-16 12_04_03.jpeg,27.0
2019-06-16 12_00_33.jpeg,27.0
2019-06-16 12_19_25.jpeg,28.0
2019-06-16 12_43_56.jpeg,28.0
2019-06-16 12_10_07.jpeg,27.0
2019-06-16 12_39_25.jpeg,28.0
2019-06-16 12_35_08.jpeg,28.0
2019-06-16 12_53_56.jpeg,28.0
2019-06-16 12_30_24.jpeg,28.0
2019-06-16 12_49_25.jpeg,28.0
2019-06-16 12_16_07.jpeg,28.0
2019-06-16 13_35_07.jpeg,28.0
2019-06-16 13_41_07.jpeg,28.0
2019-06-16 13_29_28.jpeg,27.0
2019-06-16 13_53_56.jpeg,28.0
2019-06-16 13_13_56.jpeg,26.0
2019-06-16 13_18_56.jpeg,27.0
2019-06-16 13_48_56.jpeg,28.0
2019-06-16 13_08_56.jpeg,26.0
2019-06-16 13_06_28.jpeg,26.0
2019-06-16 13_25_07.jpeg,27.0
2019-06-16 13_43_56.jpeg,28.0
2019-06-16 13_00_33.jpeg,26.0
2019-06-16 14_44_07.jpeg,28.0
2019-06-16 14_29_19.jpeg,28.0
2019-06-16 14_53_56.jpeg,29.0
2019-06-16 14_48_56.jpeg,29.0
2019-06-16 14_25_13.jpeg,28.0
2019-06-16 14_20_07.jpeg,28.0
2019-06-16 14_04_03.jpeg,29.0
2019-06-16 14_34_03.jpeg,28.0
2019-06-16 14_13_56.jpeg,29.0
2019-06-16 14_39_29.jpeg,28.0
2019-06-16 14_00_34.jpeg,29.0
2019-06-16 14_08_56.jpeg,29.0
2019-06-16 15_18_56.jpeg,32.0
2019-06-16 15_39_12.jpeg,31.0
2019-06-16 15_25_07.jpeg,32.0
2019-06-16 15_04_03.jpeg,30.0
2019-06-16 15_48_56.jpeg,29.0
2019-06-16 15_53_56.jpeg,29.0
2019-06-16 15_43_56.jpeg,31.0
2019-06-16 15_13_56.jpeg,30.0
2019-06-16 15_30_12.jpeg,31.0
2019-06-16 15_00_34.jpeg,30.0
2019-06-16 15_10_07.jpeg,30.0
2019-06-16 15_35_13.jpeg,31.0
2019-06-16 16_35_16.jpeg,23.0
2019-06-16 16_08_56.jpeg,28.0
2019-06-16 16_25_07.jpeg,25.0
2019-06-16 16_28_56.jpeg,25.0
2019-06-16 16_48_56.jpeg,23.0
2019-06-16 16_43_56.jpeg,23.0
2019-06-16 16_19_21.jpeg,25.0
2019-06-16 16_05_13.jpeg,28.0
2019-06-16 16_38_56.jpeg,23.0
2019-06-16 16_00_35.jpeg,28.0
2019-06-16 16_13_56.jpeg,28.0
2019-06-16 16_54_36.jpeg,23.0
2019-07-06 06_32_35.jpeg,66.88
2019-07-06 06_08_02.jpeg,65.12
2019-07-06 06_47_52.jpeg,66.88
2019-07-06 06_36_50.jpeg,66.88
2019-07-06 06_42_35.jpeg,66.88
2019-07-06 06_27_54.jpeg,66.88
2019-07-06 06_16_49.jpeg,66.88
2019-07-06 06_12_35.jpeg,65.12
2019-07-06 06_02_51.jpeg,65.12
2019-07-06 06_22_35.jpeg,66.88
2019-07-06 06_52_35.jpeg,66.88
2019-07-06 06_56_50.jpeg,66.88
2019-07-06 07_52_35.jpeg,44.02
2019-07-06 07_28_00.jpeg,44.02
2019-07-06 07_43_11.jpeg,44.02
2019-07-06 07_17_59.jpeg,44.02
2019-07-06 07_38_03.jpeg,44.02
2019-07-06 07_57_35.jpeg,44.02
2019-07-06 07_02_52.jpeg,46.68
2019-07-06 07_13_16.jpeg,46.68
2019-07-06 07_08_02.jpeg,46.68
2019-07-06 07_47_59.jpeg,44.02
2019-07-06 07_23_09.jpeg,44.02
2019-07-06 07_32_35.jpeg,44.02
2019-07-06 08_03_10.jpeg,37.53
2019-07-06 08_56_50.jpeg,36.69
2019-07-06 08_24_06.jpeg,36.69
2019-07-06 08_12_35.jpeg,37.53
2019-07-06 08_32_51.jpeg,36.69
2019-07-06 08_16_49.jpeg,36.69
2019-07-06 08_26_50.jpeg,36.69
2019-07-06 08_36_50.jpeg,36.69
2019-07-06 08_47_59.jpeg,36.69
2019-07-06 08_08_04.jpeg,37.53
2019-07-06 08_52_35.jpeg,36.69
2019-07-06 08_42_35.jpeg,36.69
2019-07-06 09_12_34.jpeg,43.74
2019-07-06 09_08_03.jpeg,43.74
2019-07-06 09_56_49.jpeg,44.67
2019-07-06 09_43_06.jpeg,44.67
2019-07-06 09_27_59.jpeg,44.67
2019-07-06 09_02_36.jpeg,43.74
2019-07-06 09_17_59.jpeg,44.67
2019-07-06 09_47_59.jpeg,44.67
2019-07-06 09_52_35.jpeg,44.67
2019-07-06 09_32_35.jpeg,44.67
2019-07-06 09_38_03.jpeg,44.67
2019-07-06 09_23_06.jpeg,44.67
2019-07-06 10_33_27.jpeg,52.33
2019-07-06 10_57_59.jpeg,52.33
2019-07-06 10_08_04.jpeg,51.44
2019-07-06 10_52_35.jpeg,52.33
2019-07-06 10_17_51.jpeg,52.33
2019-07-06 10_41_50.jpeg,52.33
2019-07-06 10_27_59.jpeg,52.33
2019-07-06 10_47_59.jpeg,52.33
2019-07-06 10_38_04.jpeg,52.33
2019-07-06 10_21_50.jpeg,52.33
2019-07-06 10_12_35.jpeg,51.44
2019-07-06 10_03_14.jpeg,51.44
2019-07-06 11_47_52.jpeg,53.45
2019-07-06 11_38_05.jpeg,53.45
2019-07-06 11_22_45.jpeg,53.45
2019-07-06 11_03_17.jpeg,53.32
2019-07-06 11_07_22.jpeg,53.32
2019-07-06 11_17_58.jpeg,53.45
2019-07-06 11_32_35.jpeg,53.45
2019-07-06 11_12_35.jpeg,53.32
2019-07-06 11_57_39.jpeg,53.45
2019-07-06 11_41_50.jpeg,53.45
2019-07-06 11_27_48.jpeg,53.45
2019-07-06 11_52_35.jpeg,53.45
2019-07-06 12_11_50.jpeg,51.19
2019-07-06 12_03_10.jpeg,51.19
2019-07-06 12_27_38.jpeg,50.9
2019-07-06 12_57_59.jpeg,50.9
2019-07-06 12_17_59.jpeg,50.9
2019-07-06 12_37_22.jpeg,50.9
2019-07-06 12_43_10.jpeg,50.9
2019-07-06 12_47_59.jpeg,50.9
2019-07-06 12_08_22.jpeg,51.19
2019-07-06 12_52_36.jpeg,50.9
2019-07-06 12_31_50.jpeg,50.9
2019-07-06 12_23_00.jpeg,50.9
2019-07-06 13_58_01.jpeg,45.67
2019-07-06 13_32_52.jpeg,45.67
2019-07-06 13_03_06.jpeg,46.27
2019-07-06 13_12_35.jpeg,46.27
2019-07-06 13_16_50.jpeg,45.67
2019-07-06 13_47_59.jpeg,45.67
2019-07-06 13_24_42.jpeg,45.67
2019-07-06 13_41_50.jpeg,45.67
2019-07-06 13_27_59.jpeg,45.67
2019-07-06 13_52_35.jpeg,45.67
2019-07-06 13_08_22.jpeg,46.27
2019-07-06 13_36_50.jpeg,45.67
2019-07-06 14_42_47.jpeg,56.85
2019-07-06 14_27_59.jpeg,56.85
2019-07-06 14_36_50.jpeg,56.85
2019-07-06 14_03_08.jpeg,55.55
2019-07-06 14_52_47.jpeg,56.85
2019-07-06 14_46_50.jpeg,56.85
2019-07-06 14_57_19.jpeg,56.85
2019-07-06 14_32_52.jpeg,56.85
2019-07-06 14_08_23.jpeg,55.55
2019-07-06 14_17_59.jpeg,56.85
2019-07-06 14_12_35.jpeg,55.55
2019-07-06 14_23_07.jpeg,56.85
2019-07-06 15_16_50.jpeg,40.84
2019-07-06 15_12_35.jpeg,42.7
2019-07-06 15_56_59.jpeg,40.84
2019-07-06 15_32_52.jpeg,40.84
2019-07-06 15_24_11.jpeg,40.84
2019-07-06 15_52_35.jpeg,40.84
2019-07-06 15_27_59.jpeg,40.84
2019-07-06 15_08_23.jpeg,42.7
2019-07-06 15_02_51.jpeg,42.7
2019-07-06 15_47_51.jpeg,40.84
2019-07-06 15_36_50.jpeg,40.84
2019-07-06 15_42_35.jpeg,40.84
2019-07-06 16_47_59.jpeg,35.58
2019-07-06 16_22_35.jpeg,35.58
2019-07-06 16_58_22.jpeg,35.58
2019-07-06 16_32_53.jpeg,35.58
2019-07-06 16_42_34.jpeg,35.58
2019-07-06 16_12_35.jpeg,36.18
2019-07-06 16_27_59.jpeg,35.58
2019-07-06 16_37_35.jpeg,35.58
2019-07-06 16_08_24.jpeg,36.18
2019-07-06 16_02_51.jpeg,36.18
2019-07-06 16_17_35.jpeg,35.58
2019-07-06 16_52_35.jpeg,35.58
2019-07-06 17_41_50.jpeg,27.44
2019-07-06 17_11_50.jpeg,28.47
2019-07-06 17_18_00.jpeg,27.44
2019-07-06 17_27_59.jpeg,27.44
2019-07-06 17_56_50.jpeg,27.44
2019-07-06 17_52_35.jpeg,27.44
2019-07-06 17_47_51.jpeg,27.44
2019-07-06 17_32_35.jpeg,27.44
2019-07-06 17_03_08.jpeg,28.47
2019-07-06 17_07_22.jpeg,28.47
2019-07-06 17_38_09.jpeg,27.44
2019-07-06 17_23_02.jpeg,27.44
2019-07-06 18_27_50.jpeg,31.93
2019-07-06 18_07_22.jpeg,31.41
2019-07-06 18_42_35.jpeg,31.93
2019-07-06 18_47_52.jpeg,31.93
2019-07-06 18_36_50.jpeg,31.93
2019-07-06 18_52_35.jpeg,31.93
2019-07-06 18_32_52.jpeg,31.93
2019-07-06 18_22_36.jpeg,31.93
2019-07-06 18_56_50.jpeg,31.93
2019-07-06 18_12_09.jpeg,31.41
2019-07-06 18_17_59.jpeg,31.93
2019-07-06 18_04_08.jpeg,31.41
2019-07-07 06_47_59.jpeg,65.55
2019-07-07 06_23_07.jpeg,65.55
2019-07-07 06_57_59.jpeg,65.55
2019-07-07 06_27_59.jpeg,65.55
2019-07-07 06_32_51.jpeg,65.55
2019-07-07 06_37_59.jpeg,65.55
2019-07-07 06_43_20.jpeg,65.55
2019-07-07 06_07_59.jpeg,63.77
2019-07-07 06_11_50.jpeg,63.77
2019-07-07 06_02_52.jpeg,63.77
2019-07-07 06_16_50.jpeg,65.55
2019-07-07 06_52_35.jpeg,65.55
2019-07-07 07_47_59.jpeg,60.88
2019-07-07 07_14_04.jpeg,61.42
2019-07-07 07_17_59.jpeg,60.88
2019-07-07 07_27_59.jpeg,60.88
2019-07-07 07_23_14.jpeg,60.88
2019-07-07 07_57_35.jpeg,60.88
2019-07-07 07_36_51.jpeg,60.88
2019-07-07 07_04_06.jpeg,61.42
2019-07-07 07_41_50.jpeg,60.88
2019-07-07 07_07_59.jpeg,61.42
2019-07-07 07_52_35.jpeg,60.88
2019-07-07 07_32_36.jpeg,60.88
2019-07-07 08_16_50.jpeg,63.41
2019-07-07 08_52_35.jpeg,63.41
2019-07-07 08_03_14.jpeg,63.12
2019-07-07 08_07_59.jpeg,63.12
2019-07-07 08_47_52.jpeg,63.41
2019-07-07 08_32_51.jpeg,63.41
2019-07-07 08_56_49.jpeg,63.41
2019-07-07 08_27_59.jpeg,63.41
2019-07-07 08_36_50.jpeg,63.41
2019-07-07 08_12_36.jpeg,63.12
2019-07-07 08_42_35.jpeg,63.41
2019-07-07 08_23_18.jpeg,63.41
2019-07-07 09_37_59.jpeg,54.84
2019-07-07 09_43_07.jpeg,54.84
2019-07-07 09_07_37.jpeg,55.83
2019-07-07 09_47_59.jpeg,54.84
2019-07-07 09_52_35.jpeg,54.84
2019-07-07 09_13_09.jpeg,55.83
2019-07-07 09_27_59.jpeg,54.84
2019-07-07 09_22_35.jpeg,54.84
2019-07-07 09_32_51.jpeg,54.84
2019-07-07 09_57_59.jpeg,54.84
2019-07-07 09_17_55.jpeg,54.84
2019-07-07 09_02_35.jpeg,55.83
2019-07-07 10_13_00.jpeg,52.53
2019-07-07 10_42_35.jpeg,52.23
2019-07-07 10_07_59.jpeg,52.53
2019-07-07 10_17_59.jpeg,52.23
2019-07-07 10_47_52.jpeg,52.23
2019-07-07 10_36_59.jpeg,52.23
2019-07-07 10_52_36.jpeg,52.23
2019-07-07 10_23_06.jpeg,52.23
2019-07-07 10_32_52.jpeg,52.23
2019-07-07 10_27_59.jpeg,52.23
2019-07-07 10_58_00.jpeg,52.23
2019-07-07 10_03_06.jpeg,52.53
2019-07-07 11_32_35.jpeg,47.43
2019-07-07 11_11_50.jpeg,47.98
2019-07-07 11_17_59.jpeg,47.43
2019-07-07 11_56_49.jpeg,47.43
2019-07-07 11_52_35.jpeg,47.43
2019-07-07 11_47_52.jpeg,47.43
2019-07-07 11_03_06.jpeg,47.98
2019-07-07 11_27_59.jpeg,47.43
2019-07-07 11_07_37.jpeg,47.98
2019-07-07 11_23_01.jpeg,47.43
2019-07-07 11_41_50.jpeg,47.43
2019-07-07 11_37_59.jpeg,47.43
2019-07-07 12_03_05.jpeg,37.64
2019-07-07 12_47_59.jpeg,36.64
2019-07-07 12_28_05.jpeg,36.64
2019-07-07 12_07_59.jpeg,37.64
2019-07-07 12_16_50.jpeg,36.64
2019-07-07 12_36_50.jpeg,36.64
2019-07-07 12_52_35.jpeg,36.64
2019-07-07 12_41_50.jpeg,36.64
2019-07-07 12_32_52.jpeg,36.64
2019-07-07 12_22_35.jpeg,36.64
2019-07-07 12_12_35.jpeg,37.64
2019-07-07 12_56_49.jpeg,36.64
2019-07-07 13_02_35.jpeg,44.58
2019-07-07 13_17_35.jpeg,45.62
2019-07-07 13_07_38.jpeg,44.58
2019-07-07 13_12_35.jpeg,44.58
"1-11-2016, 7.44.jpg",12.0
"1-11-2016, 8.20.jpg",13.0
"1-11-2016, 9.00.jpg",13.0
"1-11-2016, 9.54.jpg",13.0
"1-11-2016, 10.43.jpg",11.0
"1-11-2016, 11.47.jpg",14.0
"1-11-2016, 12.40.jpg",10.0
"1-11-2016, 13.40.jpg",9.0
"1-11-2016, 14.23.jpg",8.0
"1-11-2016, 15.48.jpg",10.0
"1-11-2016, 16.40.jpg",9.0
"1-12-2016, 7.48.jpg",19.0
"1-12-2016, 8.19.jpg",24.0
"1-12-2016, 9.55.jpg",30.0
"1-12-2016, 10.05.jpg",15.0
"1-12-2016, 11.48.jpg",9.0
"1-12-2016, 12.33.jpg",9.0
"1-12-2016, 13.38.jpg",8.0
"1-12-2016, 14.34.jpg",10.0
"1-12-2016, 15.57.jpg",8.0
"1-12-2016, 16.41.jpg",6.0
"1-13-2016, 7.50.jpg",16.0
"1-13-2016, 8.15.jpg",24.0
"1-13-2016, 8.29.jpg",24.0
"1-13-2016, 8.40.jpg",24.0
"1-13-2016, 8.55.jpg",24.0
"1-13-2016, 9.39.jpg",20.0
"1-13-2016, 10.39.jpg",23.0
"1-13-2016, 11.37.jpg",23.0
"1-13-2016, 12.26.jpg",15.0
"1-13-2016, 13.45.jpg",13.0
"1-13-2016, 14.28.jpg",15.0
"1-13-2016, 15.44.jpg",11.0
"1-13-2016, 16.37.jpg",18.0
"1-14-2016, 8.29.jpg",78.0
"1-14-2016, 8.38.jpg",78.0
"1-14-2016, 9.06.jpg",111.0
"1-14-2016, 10.27.jpg",132.0
"1-14-2016, 11.18.jpg",85.0
"1-14-2016, 12.39.jpg",84.0
"1-14-2016, 13.38.jpg",78.0
"1-14-2016, 14.44.jpg",47.0
"1-14-2016, 15.32.jpg",30.0
"1-14-2016, 16.36.jpg",29.0
"1-15-2016, 7.50.jpg",146.0
"1-15-2016, 8.15.jpg",82.0
"1-15-2016, 8.45.jpg",82.0
"1-15-2016, 9.0.jpg",74.0
"1-15-2016, 10.19.jpg",63.0
"1-15-2016, 11.40.jpg",59.0
"1-15-2016, 12.40.jpg",50.0
"1-15-2016, 13.19.jpg",76.0
"1-15-2016, 14.35.jpg",86.0
"1-15-2016, 15.15.jpg",81.0
"1-15-2016, 16.24.jpg",88.0
"1-16-2016, 8.51.jpg",93.0
"1-16-2016, 9.47.jpg",96.0
"1-16-2016, 10.48.jpg",108.0
"1-16-2016, 11.16.jpg",109.0
"1-16-2016, 12.42.jpg",93.0
"1-16-2016, 13.35.jpg",121.0
"1-16-2016, 14.27.jpg",112.0
"1-16-2016, 15.28.jpg",116.0
"1-16-2016, 16.28.jpg",141.0
"1-17-2016, 8.40.jpg",16.0
"1-17-2016, 9.02.jpg",19.0
"1-17-2016, 10.05.jpg",20.0
"1-17-2016, 11.31.jpg",20.0
"1-17-2016, 12.43.jpg",13.0
"1-17-2016, 13.11.jpg",13.0
"1-17-2016, 14.28.jpg",16.0
"1-17-2016, 15.54.jpg",13.0
"1-17-2016, 16.06.jpg",13.0
"2-11-2016, 7.39.jpg",188.0
"2-11-2016, 8.30.jpg",154.0
"2-11-2016, 8.50.jpg",154.0
"2-11-2016, 9.38.jpg",148.0
"2-11-2016, 10.11.jpg",164.0
"2-11-2016, 11.12.jpg",157.0
"2-11-2016, 12.34.jpg",157.0
"2-11-2016, 13.40.jpg",176.0
"2-11-2016, 14.27.jpg",172.0
"2-11-2016, 15.22.jpg",135.0
"2-11-2016, 16.33.jpg",129.0
"2-12-2016, 7.16.jpg",148.0
"2-12-2016, 8.06.jpg",143.0
"2-12-2016, 8.30.jpg",143.0
"2-12-2016, 8.50.jpg",143.0
"2-12-2016, 9.40.jpg",142.0
"2-12-2016, 10.42.jpg",145.0
"2-12-2016, 11.48.jpg",161.0
"2-12-2016, 12.52.jpg",171.0
"2-12-2016, 13.45.jpg",171.0
"2-12-2016, 14.46.jpg",161.0
"2-12-2016, 15.26.jpg",166.0
"2-12-2016, 16.37.jpg",176.0
"2-13-2016, 8.34.jpg",7.0
"2-13-2016, 9.51.jpg",11.0
"2-13-2016, 10.56.jpg",9.0
"2-13-2016, 11.38.jpg",10.0
"2-13-2016, 12.36.jpg",6.0
"2-13-2016, 13.32.jpg",6.0
"2-13-2016, 14.15.jpg",6.0
"2-13-2016, 15.52.jpg",22.0
"2-13-2016, 16.24.jpg",25.0
"2-14-2016, 8.51.jpg",11.0
"2-14-2016, 9.13.jpg",10.0
"2-14-2016, 10.38.jpg",11.0
"2-14-2016, 11.13.jpg",10.0
"2-14-2016, 12.51.jpg",8.0
"2-14-2016, 13.48.jpg",14.0
"2-14-2016, 16.34.jpg",6.0
"2-15-2016, 8.11.jpg",6.0
"2-15-2016, 8.42.jpg",6.0
"2-15-2016, 9.50.jpg",5.0
"2-15-2016, 10.19.jpg",7.0
"2-15-2016, 11.06.jpg",13.0
"2-15-2016, 12.11.jpg",11.0
"2-15-2016, 13.18.jpg",12.0
"2-15-2016, 14.26.jpg",8.0
"2-15-2016, 15.36.jpg",7.0
"2-15-2016, 17.46.jpg",12.0
"2-16-2016, 8.09.jpg",6.0
"2-16-2016, 9.17.jpg",4.0
"2-16-2016, 10.42.jpg",2.0
"2-16-2016, 11.33.jpg",7.0
"2-16-2016, 12.49.jpg",8.0
"2-16-2016, 13.51.jpg",7.0
"2-16-2016, 14.46.jpg",6.0
"2-16-2016, 15.08.jpg",10.0
"2-16-2016, 17.45.jpg",15.0
"2-17-2016, 8.16.jpg",55.0
"2-17-2016, 8.28.jpg",55.0
"2-17-2016, 9.32.jpg",82.0
"2-17-2016, 10.24.jpg",80.0
"2-17-2016, 11.27.jpg",64.0
"2-17-2016, 12.10.jpg",48.0
"2-17-2016, 13.58.jpg",48.0
"2-17-2016, 14.57.jpg",44.0
"2-17-2016, 15.47.jpg",44.0
"2-17-2016, 16.27.jpg",41.0
"3-11-2016, 7.30.jpg",17.0
"3-11-2016, 8.41.jpg",17.0
"3-11-2016, 9.30.jpg",16.0
"3-11-2016, 10.25.jpg",10.0
"3-11-2016, 11.39.jpg",7.0
"3-11-2016, 12.47.jpg",13.0
"3-11-2016, 13.32.jpg",14.0
"3-11-2016, 14.24.jpg",12.0
"3-11-2016, 15.20.jpg",21.0
"3-11-2016, 17.09.jpg",29.0
"3-11-2016, 18.00.jpg",27.0
"3-12-2016, 9.39.jpg",105.0
"3-12-2016, 10.40.jpg",114.0
"3-12-2016, 11.23.jpg",120.0
"3-12-2016, 13.54.jpg",105.0
"3-12-2016, 15.39.jpg",113.0
"3-12-2016, 16.44.jpg",114.0
"3-12-2016, 17.36.jpg",113.0
"3-13-2016, 8.24.jpg",12.0
"3-13-2016, 9.36.jpg",11.0
"3-13-2016, 10.31.jpg",13.0
"3-13-2016, 11.07.jpg",15.0
"3-13-2016, 12.55.jpg",16.0
"3-13-2016, 13.01.jpg",12.0
"3-13-2016, 14.13.jpg",18.0
"3-14-2016, 7.33.jpg",96.0
"3-14-2016, 8.04.jpg",101.0
"3-14-2016, 9.06.jpg",119.0
"3-14-2016, 10.00.jpg",116.0
"3-14-2016, 11.03.jpg",113.0
"3-14-2016, 12.08.jpg",110.0
"3-14-2016, 13.30.jpg",85.0
"3-14-2016, 14.16.jpg",55.0
"3-14-2016, 15.52.jpg",42.0
"3-14-2016, 16.50.jpg",30.0
"3-15-2016, 7.27.jpg",95.0
"3-15-2016, 8.24.jpg",103.0
"3-15-2016, 9.00.jpg",112.0
"3-15-2016, 9.40.jpg",112.0
"3-15-2016, 10.42.jpg",124.0
"3-15-2016, 11.20.jpg",145.0
"3-15-2016, 12.02.jpg",146.0
"3-15-2016, 13.41.jpg",140.0
"3-15-2016, 14.27.jpg",151.0
"3-15-2016, 15.46.jpg",162.0
"3-15-2016, 16.33.jpg",156.0
"3-15-2016, 17.05.jpg",155.0
"3-16-2016, 7.47.jpg",227.0
"3-16-2016, 8.15.jpg",213.0
"3-16-2016, 8.45.jpg",213.0
"3-16-2016, 9.24.jpg",215.0
"3-16-2016, 10.20.jpg",226.0
"3-16-2016, 11.37.jpg",237.0
"3-16-2016, 12.28.jpg",246.0
"3-16-2016, 13.12.jpg",248.0
"3-16-2016, 14.30.jpg",208.0
"3-16-2016, 15.40.jpg",217.0
"3-16-2016, 16.25.jpg",234.0
"3-17-2016, 7.32.jpg",234.0
"3-17-2016, 8.10.jpg",243.0
"3-17-2016, 8.45.jpg",243.0
"3-17-2016, 9.20.jpg",254.0
"3-17-2016, 10.30.jpg",264.0
"3-17-2016, 11.38.jpg",274.0
"3-17-2016, 13.00.jpg",253.0
"3-17-2016, 14.04.jpg",246.0
"3-17-2016, 15.17.jpg",238.0
"3-17-2016, 16.22.jpg",220.0
"3-17-2016, 17.22.jpg",236.0
"4-11-2016, 7.34.jpg",91.0
"4-11-2016, 8.20.jpg",52.0
"4-11-2016, 8.50.jpg",52.0
"4-11-2016, 9.40.jpg",54.0
"4-11-2016, 10.20.jpg",110.0
"4-11-2016, 11.27.jpg",59.0
"4-11-2016, 12.31.jpg",48.0
"4-11-2016, 13.25.jpg",55.0
"4-11-2016, 14.02.jpg",58.0
"4-11-2016, 15.33.jpg",58.0
"4-11-2016, 16.29.jpg",69.0
"4-12-2016, 7.24.jpg",68.0
"4-12-2016, 8.30.jpg",70.0
"4-12-2016, 8.55.jpg",70.0
"4-12-2016, 9.41.jpg",69.0
"4-12-2016, 10.50.jpg",67.0
"4-12-2016, 11.47.jpg",69.0
"4-12-2016, 12.38.jpg",80.0
"4-12-2016, 13.15.jpg",79.0
"4-12-2016, 14.21.jpg",82.0
"4-12-2016, 15.30.jpg",64.0
"4-12-2016, 16.44.jpg",61.0
"4-13-2016, 7.57.jpg",192.0
"4-13-2016, 8.30.jpg",208.0
"4-13-2016, 9.00.jpg",194.0
"4-13-2016, 9.30.jpg",194.0
"4-13-2016, 10.22.jpg",227.0
"4-13-2016, 11.15.jpg",217.0
"4-13-2016, 12.34.jpg",249.0
"4-13-2016, 13.49.jpg",247.0
"4-13-2016, 14.50.jpg",214.0
"4-13-2016, 15.52.jpg",139.0
"4-13-2016, 16.24.jpg",60.0
"4-14-2016, 7.57.jpg",9.0
"4-14-2016, 8.25.jpg",30.0
"4-14-2016, 9.15.jpg",61.0
"4-14-2016, 10.30.jpg",52.0
"4-14-2016, 11.35.jpg",8.0
"4-14-2016, 12.18.jpg",8.0
"4-14-2016, 13.31.jpg",11.0
"4-14-2016, 14.39.jpg",16.0
"4-14-2016, 15.20.jpg",31.0
"4-14-2016, 16.47.jpg",28.0
"4-15-2016, 7.36.jpg",79.0
"4-15-2016, 8.21.jpg",86.0
"4-15-2016, 8.50.jpg",86.0
"4-15-2016, 9.30.jpg",105.0
"4-15-2016, 10.23.jpg",67.0
"4-15-2016, 11.18.jpg",76.0
"4-15-2016, 12.31.jpg",78.0
"4-15-2016, 13.40.jpg",167.0
"4-15-2016, 14.15.jpg",93.0
"4-15-2016, 15.30.jpg",128.0
"4-15-2016, 16.45.jpg",93.0
"4-16-2016, 8.49.jpg",68.0
"4-16-2016, 9.40.jpg",117.0
"4-16-2016, 10.06.jpg",77.0
"4-16-2016, 11.11.jpg",35.0
"4-16-2016, 12.48.jpg",21.0
"4-16-2016, 13.09.jpg",23.0
"4-16-2016, 14.57.jpg",20.0
"4-16-2016, 15.49.jpg",6.0
"4-16-2016, 16.37.jpg",5.0
"4-16-2016, 17.58.jpg",7.0
"4-17-2016, 8.38.jpg",13.0
"4-17-2016, 9.28.jpg",13.0
"4-17-2016, 10.18.jpg",11.0
"4-17-2016, 11.45.jpg",14.0
"4-17-2016, 12.15.jpg",12.0
"4-17-2016, 13.29.jpg",12.0
"4-17-2016, 14.45.jpg",12.0
"4-17-2016, 15.02.jpg",12.0
"4-17-2016, 16.29.jpg",15.0
"5-11-2016, 7.20.jpg",125.0
"5-11-2016, 8.00.jpg",132.0
"5-11-2016, 8.40.jpg",132.0
"5-11-2016, 9.26.jpg",138.0
"5-11-2016, 10.32.png",141.0
"5-11-2016, 14.52.png",139.0
"5-11-2016, 15.42.jpg",144.0
"5-12-2016, 7.26.jpg",12.0
"5-12-2016, 8.06.jpg",21.0
"5-12-2016, 8.46.jpg",21.0
"5-12-2016, 9.40.png",11.0
"5-12-2016, 10.45.png",12.0
"5-12-2016, 11.55.png",19.0
"5-12-2016, 13.05.png",12.0
"5-12-2016, 14.16.png",7.0
"5-12-2016, 15.23.png",11.0
"5-12-2016, 16.27.png",9.0
"5-13-2016, 7.45.png",28.0
"5-13-2016, 8.21.jpg",29.0
"5-13-2016, 9.00.jpg",44.0
"5-13-2016, 9.20.png",44.0
"5-13-2016, 10.38.jpg",26.0
"5-13-2016, 11.28.png",17.0
"5-13-2016, 12.45.png",29.0
"5-13-2016, 13.55.png",42.0
"5-13-2016, 14.45.png",37.0
"5-13-2016, 15.57.png",43.0
"5-13-2016, 16.45.png",40.0
"5-14-2016, 8.21.jpg",37.0
"5-14-2016, 9.19.jpg",38.0
"5-14-2016, 10.53.jpg",33.0
"5-14-2016, 11.46.jpg",41.0
"5-14-2016, 12.40.jpg",44.0
"5-14-2016, 13.37.jpg",47.0
"5-14-2016, 14.46.jpg",47.0
"5-14-2016, 15.23.jpg",47.0
"5-14-2016, 16.58.jpg",48.0
"5-15-2016, 8.52.jpg",20.0
"5-15-2016, 9.15.jpg",14.0
"5-15-2016, 10.05.jpg",10.0
"5-15-2016, 11.46.jpg",9.0
"5-15-2016, 12.26.jpg",10.0
"5-15-2016, 13.13.jpg",6.0
"5-15-2016, 14.48.jpg",12.0
"5-15-2016, 15.52.jpg",13.0
"5-15-2016, 16.21.jpg",7.0
"5-16-2016, 7.35.jpg",35.0
"5-16-2016, 8.20.jpg",27.0
"5-16-2016, 9.00.jpg",20.0
"5-16-2016, 9.36.jpg",20.0
"5-16-2016, 10.46.png",27.0
"5-16-2016, 11.41.jpg",19.0
"5-16-2016, 12.55.png",24.0
"5-16-2016, 13.45.jpg",17.0
"5-16-2016, 14.58.png",24.0
"5-16-2016, 15.38.png",11.0
"5-16-2016, 16.58.png",12.0
"5-17-2016, 7.23.png",66.0
"5-17-2016, 8.13.png",86.0
"5-17-2016, 8.53.png",86.0
"5-17-2016, 9.34.png",86.0
"5-17-2016, 10.44.jpg",83.0
"5-17-2016, 11.53.png",78.0
"5-17-2016, 12.51.png",74.0
"5-17-2016, 13.53.png",90.0
"5-17-2016, 14.58.jpg",68.0
"5-17-2016, 15.51.jpg",70.0
"5-17-2016, 16.41.png",50.0
"6-11-2016, 8.48.jpg",1.0
"6-11-2016, 9.52.jpg",-1.0
"6-11-2016, 10.11.jpg",4.0
"6-11-2016, 11.49.jpg",5.0
"6-11-2016, 12.16.jpg",18.0
"6-11-2016, 13.52.jpg",21.0
"6-11-2016, 14.29.jpg",18.0
"6-11-2016, 15.39.jpg",17.0
"6-12-2016, 8.53.jpg",97.0
"6-12-2016, 9.48.jpg",103.0
"6-12-2016, 10.21.jpg",83.0
"6-12-2016, 11.48.jpg",84.0
"6-12-2016, 12.26.jpg",64.0
"6-12-2016, 13.45.jpg",45.0
"6-12-2016, 15.03.jpg",41.0
"6-13-2016, 7.36.jpg",27.0
"6-13-2016, 8.12.jpg",29.0
"6-13-2016, 8.42.jpg",29.0
"6-13-2016, 9.16.jpg",36.0
"6-13-2016, 10.16.jpg",30.0
"6-13-2016, 11.46.jpg",33.0
"6-13-2016, 12.36.png",43.0
"6-13-2016, 13.46.png",41.0
"6-13-2016, 14.56.png",41.0
"6-13-2016, 15.51.png",38.0
"6-13-2016, 16.42.jpg",49.0
"6-14-2016, 7.31.png",47.0
"6-14-2016, 8.11.jpg",40.0
"6-14-2016, 8.51.jpg",40.0
"6-14-2016, 9.21.jpg",24.0
"6-14-2016, 10.41.jpg",24.0
"6-14-2016, 11.51.png",32.0
"6-14-2016, 12.41.png",29.0
"6-14-2016, 13.54.jpg",17.0
"6-14-2016, 14.57.png",16.0
"6-14-2016, 15.47.jpg",18.0
"6-14-2016, 16.37.png",21.0
"6-15-2016, 7.41.jpg",10.0
"6-15-2016, 8.19.jpg",9.0
"6-15-2016, 9.02.jpg",5.0
"6-15-2016, 9.42.jpg",5.0
"6-15-2016, 10.52.jpg",3.0
"6-15-2016, 11.52.jpg",12.0
"6-15-2016, 12.52.jpg",12.0
"6-15-2016, 13.42.jpg",9.0
"6-15-2016, 14.55.jpg",7.0
"6-15-2016, 15.41.png",8.0
"6-15-2016, 16.31.png",26.0
"6-16-2016, 7.46.jpg",17.0
"6-16-2016, 8.17.jpg",21.0
"6-16-2016, 9.11.jpg",12.0
"6-16-2016, 9.51.jpg",12.0
"6-16-2016, 10.56.jpg",22.0
"6-16-2016, 11.51.png",17.0
"6-16-2016, 12.50.png",15.0
"6-16-2016, 13.49.png",28.0
"6-16-2016, 14.44.png",26.0
"6-16-2016, 15.43.png",44.0
"6-16-2016, 16.41.png",27.0
"6-17-2016, 7.41.jpg",33.0
"6-17-2016, 8.15.jpg",27.0
"6-17-2016, 8.47.jpg",27.0
"6-17-2016, 9.17.png",37.0
"6-17-2016, 10.27.png",35.0
"6-17-2016, 11.37.png",27.0
"6-17-2016, 12.47.png",29.0
